host;gene;gene_start;gene_end;strand;mutation_type;mutation_position;mutation
WT1;[PROKKA_00047]-[PROKKA_00125];;;;deletion;47576;87305
WT1;yadA_1;;;;insertion;116288;3
WT1;fis;545668;545964;minus;snp;545748;G
WT1;ygbJ;;;;snp;818845;T
WT1;intergenic;;;;snp;1862466;G
WT1;dpiA;3694579;3695259;minus;snp;3695000;A
WT1;dpiB;3695228;3696886;minus;snp;3696223;A
WT1;yjjM;;;;snp;4434087;T
WT1;fimH;4484764;4485666;minus;deletion;4485265;3
WT1;fimH;4484764;4485666;minus;snp;4485481;A
WT1;fimH;4484764;4485666;minus;snp;4485527;A
WT1;fimA;4490811;4491359;minus;snp;4491226;A
WT1;intergenic;;;;snp;4989418;C
WT2;intergenic;;;;snp;8430;C
WT2;[PROKKA_00047]-[PROKKA_00125];;;;deletion;47576;87305
WT2;yadA_1;;;;insertion;114976;3
WT2;yadA_1;;;;insertion;115733;3
WT2;yadA_1;;;;insertion;115912;3
WT2;intergenic;;;;insertion;314482;T
WT2;tdcA;686571;687509;plus;snp;686643;A
WT2;hycD;803679;804602;minus;snp;803967;A
WT2;hypE;810444;811454;plus;snp;811381;A
WT2;barA;876016;878772;plus;snp;878321;T
WT2;ygdH;;;;snp;887829;T
WT2;[PROKKA_01034]-[PROKKA_01105];;;;deletion;1081423;85944
WT2;pssA;1416544;1417899;minus;snp;1417145;C
WT2;focB;1526508;1527355;minus;insertion;1526682;AATGGCGAATGGC
WT2;eutE;1570087;1571490;plus;snp;1570734;T
WT2;fadL;1662506;1663846;minus;snp;1663162;A
WT2;kdgR;2345600;2346391;plus;insertion;2345930;TGGN
WT2;prpE;3988549;3990435;minus;snp;3989203;A
WT2;pdhR;4263282;4264046;minus;snp;4263905;A
WT2;melR;4749889;4750797;plus;snp;4750418;T
WT3;intergenic;;;;snp;8430;C
WT3;[PROKKA_00047]-[PROKKA_00125];;;;deletion;47576;87305
WT3;PROKKA_00101;;;;snp;106387;G
WT3;PROKKA_00101;;;;insertion;106759;4
WT3;yadA_1;;;;insertion;115819;4
WT3;tdcA;686571;687509;plus;snp;687163;C
WT3;exuT;712474;713772;minus;insertion;713194;TGCTTCTGGTCGC
WT3;[PROKKA_01034]-[PROKKA_01105];;;;deletion;1081423;85944
WT3;purL;1446361;1450248;plus;snp;1447644;T
WT3;intergenic;;;;snp;1862466;G
WT3;uvrY;2182087;2182743;plus;snp;2182348;T
WT3;intergenic;;;;snp;2185446;A
WT3;rhlE;3469629;3470993;minus;snp;3470379;T
WT3;dpiB;3695228;3696886;minus;snp;3696177;A
WT3;dpiB;3695228;3696886;minus;snp;3696178;A
WT3;yjjM;;;;snp;4433899;T
WT3;intergenic;;;;deletion;4434495;1
WT3;intergenic;;;;snp;4989418;C
WT4;intergenic;;;;snp;8454;G
WT4;PROKKA_00107;;;;snp;110917;A
WT4;bcsC;291126;294599;plus;snp;293449;T
WT4;rbbA;350923;353658;plus;snp;351313;T
WT4;nirB;475946;478489;minus;snp;476477;T
WT4;pabA;481671;482234;plus;snp;482211;T
WT4;degS;573688;574755;minus;snp;574322;A
WT4;gltB;590743;595203;minus;snp;591033;T
WT4;mtr;643965;645209;plus;deletion;644974;1
WT4;intergenic;;;;snp;686503;T
WT4;mltA;906878;907975;minus;snp;907189;A
WT4;ppdB;923950;924513;minus;snp;924249;A
WT4;tktA;;;;snp;1051242;A
WT4;PROKKA_01045;;;;deletion;1092078;6
WT4;PROKKA_01045;;;;snp;1093085;A
WT4;PROKKA_01218;;;;snp;1286986;T
WT4;ppk;1516181;1518247;minus;snp;1517037;A
WT4;PROKKA_01724;;;;snp;1821157;G
WT4;PROKKA_01724;;;;insertion;1821181;GGTCG
WT4;yehW;1905315;1906046;plus;snp;1905558;A
WT4;yegS;1951798;1952697;minus;snp;1952131;T
WT4;gnd;2023516;2024922;plus;snp;2024522;A
WT4;PROKKA_02003;;;;snp;2108658;T
WT4;intergenic;;;;snp;2132622;G
WT4;intergenic;;;;snp;2162432;A
WT4;uvrY;2182087;2182743;plus;snp;2182202;T
WT4;intergenic;;;;snp;2195386;T
WT4;yoaA;2362464;2364374;plus;snp;2364035;T
WT4;ynhG;;;;snp;2491982;C
WT4;cfa;2507396;2508544;minus;snp;2508111;A
WT4;PROKKA_02555;;;;snp;2612245;T
WT4;ycjP;2944139;2944981;;insertion;2944587;A
WT4;intergenic;;;;snp;3092932;T
WT4;ymgF;3097641;3097859;minus;snp;3097659;A
WT4;intergenic;;;;snp;3163313;A
WT4;intergenic;;;;snp;3237346;C
WT4;ybiS;;;;snp;3446736;T
WT4;rhsB_4;208864;213099;minus;snp;3767424;T
WT4;intergenic;;;;deletion;3912461;1
WT4;adrA;3940438;3941553;minus;snp;3941406;T
WT4;thiP;4311500;4313110;plus;snp;4312334;T
WT4;hpcB;;;;snp;4441300;T
WT4;uxuA;4481647;4482831;minus;snp;4482481;A
WT4;nrdD;4547995;4550133;plus;snp;4549328;A
WT4;hsdR_2;;;;snp;4670014;T
WT4;pldB;5081580;5082602;minus;snp;5081753;A
WT4;uvrD;5093395;5095557;minus;snp;5093752;G
WT4;cyaA;5103486;5106032;minus;snp;5103744;T
WT5;intergenic;;;;snp;8430;C
WT5;[dgoR];;;;deletion;8496;113
WT5;[PROKKA_00047]-[PROKKA_00125];;;;deletion;47576;870305
WT5;mlaE;610680;611462;plus;snp;610814;A
WT5;[PROKKA_01034]-[PROKKA_01105];;;;deletion;1081423;85944
WT5;cld;;;;insertion;2026600;TGGCTATTGCCC
WT5;stfR;;;;snp;2638958;A
WT5;rssB;3024585;3025598;minus;snp;3024757;T
WT5;PROKKA_03470;;;;snp;3537350;A
WT5;dpiB;3695228;3696886;minus;snp;3696177;A
WT5;yjjI;4412474;4414024;plus;snp;4413083;A
WT6;[PROKKA_00047]-[PROKKA_00125];;;;deletion;47576;87305
WT6;tdcA;686571;687509;plus;snp;686907;C
WT6;tdcA;686571;687509;plus;snp;687096;T
WT6;[PROKKA_01034]-[PROKKA_01105];;;;deletion;1081423;85944
WT6;rssB;3024585;3025598;minus;snp;3025096;T
WT6;gfcA;3250709;3251014;plus;deletion;3250974;1
WT7;PROKKA_01216;;;;snp;1285722;A
WT7;PROKKA_01735;;;;insertion;1830672;6
WT7;intergenic;;;;snp;1862466;G
WT7;dpiB;3695228;3696886;minus;snp;3695982;A
WT7;fimH;4484764;4485666;minus;snp;4485437;G
WT7;intergenic;;;;snp;4490773;T
WT7;intergenic;;;;snp;4490776;A
WT7;intergenic;;;;snp;4491406;A
WT7;intergenic;;;;snp;4491782;C
WT7;hupA;4885426;4885698;minus;snp;4885454;T
WT7;hemX;5108119;5109336;plus;insertion;5109245;ACCTGC
WT8;[PROKKA_00047]-[PROKKA_00125];;;;deletion;47576;87305
WT8;tdcA;686571;687509;plus;snp;686643;A
WT8;[PROKKA_01034]-[PROKKA_01105];;;;deletion;1081423;85944
WT8;PROKKA_02116;;;;deletion;2205473;1
WT8;intergenic;;;;snp;2608908;T
WT8;intergenic;;;;snp;3203881;T
WT8;typA;5032022;5033845;minus;deletion;5032344;9
WT9;[PROKKA_00047]-[PROKKA_00125];;;;deletion;47576;87305
WT9;acpT;361039;361626;minus;deletion;361174;6
WT9;rpsO;638098;638367;plus;snp;638147;T
WT9;syd;885694;886239;minus;snp;885949;C
WT9;yegU;1941571;1942575;minus;snp;1942281;G
WT9;yeaV;2371066;2372676;minus;snp;2371627;A
WT9;chbC;2427449;2428807;plus;snp;2660354;A
WT9;treA;3068025;3069722;plus;snp;3068618;G
WT9;yceA;;;;snp;3184152;A
WT9;hemX;5108119;5109336;plus;insertion;5109245;ACCTGC
WT9;yidZ;5243399;5244358;minus;snp;5244053;T
;;;;;;;